dataset,season,row_count,generated_at_utc
pbp_cfbfastr,2013,304132,2026-10-05 04:35:51 UTC
pbp_cfbfastr,2014,308453,2026-10-05 04:53:12 UTC
pbp_cfbfastr,2015,297456,2026-10-05 05:08:48 UTC
pbp_cfbfastr,2016,299727,2026-10-05 05:25:07 UTC
pbp_cfbfastr,2017,294738,2026-10-05 05:41:32 UTC
pbp_cfbfastr,2018,299128,2026-10-05 05:57:45 UTC
pbp_cfbfastr,2019,309965,2026-10-05 06:13:41 UTC
pbp_cfbfastr,2020,159364,2026-10-05 06:23:35 UTC
pbp_cfbfastr,2021,280420,2026-10-05 06:37:19 UTC
pbp_cfbfastr,2022,296782,2026-10-05 06:50:34 UTC
pbp_cfbfastr,2023,285304,2026-10-05 07:06:44 UTC
pbp_cfbfastr,2024,305266,2026-10-05 07:23:49 UTC
pbp_cfbfastr,2025,309797,2026-10-05 07:46:28 UTC
pbp_cfbfastr,2026,128909,2026-10-04 22:49:57 UTC
